{
    "iou": [
        0.7696561544020406,
        [
            0.9833562016191878,
            0.8751459948097768,
            0.9268297363368829,
            0.6097977570316796,
            0.6345888151339766,
            0.6099369207252182,
            0.7084058938706272,
            0.8079825485357846,
            0.9291437044007845,
            0.6010351649253372,
            0.9482503436259233,
            0.8364525745659839,
            0.6149762807879334,
            0.946883051054923,
            0.46812139945880427,
            0.8874949622891358,
            0.9120258921218972,
            0.5587161545482202,
            0.7643235377966958,
            NaN
        ]
    ],
    "accuracy": [
        0.961637277482203
    ]
}{
    "iou": [
        0.772979721932069,
        [
            0.9803807296136334,
            0.8429114924335017,
            0.9207769300739166,
            0.5359315408575511,
            0.5941060744913957,
            0.6379839182927608,
            0.7020971550259161,
            0.7748648627855724,
            0.9240338442750456,
            0.6322455066509352,
            0.9418302854489918,
            0.8235743320965355,
            0.6340615532862884,
            0.947574456489707,
            0.7666465265617731,
            0.8773194273267219,
            0.7368117532051959,
            0.6427379292514243,
            0.7707263985424432,
            NaN
        ]
    ],
    "accuracy": [
        0.959286637676506
    ]
}